city,state
Bend,OR
Gary,IN
Gary,IN
Gary,IN
Gary,IN
Gary,IN
Gary,IN
Gary,IN
Gary,IN
Gary,IN
Gary,IN
Gary,IN
Gary,IN
Gary,IN
Gary,IN
Corvallis,OR
Corvallis,OR
Corvallis,OR
Corvallis,OR
San Francisco,CA
San Francisco,CA
San Francisco,CA
San Francisco,CA
San Francisco,CA
San Francisco,CA
San Francisco,CA
San Francisco,CA
San Francisco,CA
San Francisco,CA
San Francisco,CA
San Francisco,CA
San Francisco,CA
San Francisco,CA
San Francisco,CA
San Francisco,CA
San Francisco,CA
San Francisco,CA
San Francisco,CA
San Francisco,CA
St Petersburg,FL
St Petersburg,FL
St Petersburg,FL
Saint Louis,MO
Saint Louis,MO
Saint Louis,MO
Saint Louis,MO
Saint Louis,MO
Saint Louis,MO
Saint Louis,MO
Saint Louis,MO
Columbus,IN
Columbus,IN
Columbus,IN
Columbus,IN
Columbus,IN
Columbus,IN
Columbus,IN
Gig Harbor,WA
Gig Harbor,WA
Gig Harbor,WA
Gig Harbor,WA
Dunedin,FL
Golden,CO
Golden,CO
Abita Springs,LA
Abita Springs,LA
Abita Springs,LA
Louisville,KY
Louisville,KY
Louisville,KY
Louisville,KY
Louisville,KY
Louisville,KY
Louisville,KY
Louisville,KY
Louisville,KY
Louisville,KY
Louisville,KY
Louisville,KY
Louisville,KY
Louisville,KY
Louisville,KY
Kent,WA
Kent,WA
Kent,WA
Portland,OR
Portland,OR
Portland,OR
Juneau,AK
Juneau,AK
Madison,WI
Lexington,KY
Lexington,KY
Washougal,WA
Washougal,WA
Washougal,WA
San Francisco,CA
San Francisco,CA
San Francisco,CA
San Francisco,CA
San Francisco,CA
Boonville,CA
Boonville,CA
Boonville,CA
Boonville,CA
Boonville,CA
Boonville,CA
Boonville,CA
Boonville,CA
Boonville,CA
Boonville,CA
Boonville,CA
Boonville,CA
Boonville,CA
Boonville,CA
Boonville,CA
Boonville,CA
Boonville,CA
Boonville,CA
Hayward,WI
Hayward,WI
Hayward,WI
Cincinnati,OH
Cincinnati,OH
Cincinnati,OH
Oklahoma City,OK
Oklahoma City,OK
Oklahoma City,OK
Boone,NC
Boone,NC
Boone,NC
Battle Creek,MI
Battle Creek,MI
Colorado Springs,CO
Denton,TX
Denton,TX
South San Francisco,CA
Boulder,CO
Asheville,NC
Asheville,NC
Asheville,NC
Bellingham,WA
Bellingham,WA
Bellingham,WA
Aspen,CO
Aspen,CO
Astoria,OR
Astoria,OR
Astoria,OR
Astoria,OR
Detroit,MI
Detroit,MI
Detroit,MI
Detroit,MI
Detroit,MI
Detroit,MI
Austin,TX
Austin,TX
Austin,TX
Austin,TX
Austin,TX
Boulder,CO
Boulder,CO
Boulder,CO
Boulder,CO
Boulder,CO
Boulder,CO
Fuquay-Varina,NC
Fuquay-Varina,NC
Fuquay-Varina,NC
Fuquay-Varina,NC
Fuquay-Varina,NC
Fuquay-Varina,NC
Bloomfield,CT
Bloomfield,CT
Bloomfield,CT
Bloomfield,CT
Bloomfield,CT
Gadsden,AL
Gadsden,AL
Yakima,WA
Yakima,WA
San Diego,CA
San Diego,CA
San Diego,CA
San Diego,CA
San Diego,CA
San Diego,CA
Williamsburg,MA
Williamsburg,MA
Williamsburg,MA
Granger,IN
Tucson,AZ
Tucson,AZ
Portland,OR
Portland,OR
Portland,OR
Portland,OR
Portland,OR
Minneapolis,MN
Minneapolis,MN
Minneapolis,MN
Minneapolis,MN
Lewiston,ME
Lewiston,ME
Lewiston,ME
Lewiston,ME
Lewiston,ME
Lewiston,ME
Lewiston,ME
Lewiston,ME
Lewiston,ME
Virginia Beach,VA
Lowell,MA
Lowell,MA
Lowell,MA
Lowell,MA
Kalamazoo,MI
Kalamazoo,MI
Kalamazoo,MI
Kalamazoo,MI
Kalamazoo,MI
Kalamazoo,MI
Roseville,MN
Roseville,MN
Roseville,MN
Duluth,MN
Duluth,MN
Duluth,MN
Duluth,MN
Duluth,MN
Duluth,MN
South Deerfield,MA
South Deerfield,MA
Alpine,TX
Alpine,TX
Alpine,TX
Alpine,TX
Alpine,TX
Broomfield,CO
Broomfield,CO
Broomfield,CO
Broomfield,CO
Sheffield,MA
Sheffield,MA
Sheffield,MA
Holland,MI
Holland,MI
Murphysboro,IL
Murphysboro,IL
Chattanooga,TN
Chattanooga,TN
Missoula,MT
Missoula,MT
Missoula,MT
Missoula,MT
Missoula,MT
Missoula,MT
Missoula,MT
Missoula,MT
Missoula,MT
Missoula,MT
Missoula,MT
Missoula,MT
Odessa,FL
Odessa,FL
Vadnais Heights,MN
Vadnais Heights,MN
Vadnais Heights,MN
Vadnais Heights,MN
Vadnais Heights,MN
Charlotte,NC
Hamilton,MT
Hamilton,MT
Hamilton,MT
Indianapolis,IN
Temecula,CA
Temecula,CA
Temecula,CA
Temecula,CA
Denver,CO
Denver,CO
Denver,CO
Denver,CO
Sheridan,WY
Sheridan,WY
Marquette,MA
Marquette,MI
Marquette,MI
Marquette,MI
Marquette,MI
Marquette,MI
Marquette,MI
Lincoln,NE
Lincoln,NE
Lincoln,NE
Lincoln,NE
Lincoln,NE
Lincoln,NE
Lincoln,NE
Lincoln,NE
Lincoln,NE
Lincoln,NE
Lincoln,NE
Lincoln,NE
Lincoln,NE
Lincoln,NE
Eugene,OR
Eugene,OR
Canton,MA
Afton,VA
Afton,VA
Afton,VA
Afton,VA
Arrington,VA
Austin,TX
Austin,TX
Austin,TX
Austin,TX
Patchogue,NY
Patchogue,NY
Patchogue,NY
Patchogue,NY
Midvale,UT
Midvale,UT
Midvale,UT
Midvale,UT
Midvale,UT
Jacksonville,FL
Jacksonville,FL
Jacksonville,FL
Ridgefield Park,NJ
Ridgefield Park,NJ
New York,NY
New York,NY
Eagle,CO
Eagle,CO
Eagle,CO
Eagle,CO
Eagle,CO
Eagle,CO
Eagle,CO
Eagle,CO
Eagle,CO
Eagle,CO
Eagle,CO
Eagle,CO
Eagle,CO
Eagle,CO
Eagle,CO
Eagle,CO
Eagle,CO
Eagle,CO
Eagle,CO
Tucson,AZ
Boston,MA
Boston,MA
Boston,MA
Boston,MA
Boston,MA
Boston,MA
Boston,MA
Boston,MA
Boston,MA
Boulder,CO
Boulder,CO
Boulder,CO
Kansas City,MO
West Chester,PA
West Chester,PA
West Chester,PA
Bozeman,MT
Bozeman,MT
Bozeman,MT
Bozeman,MT
Bozeman,MT
San Antonio,TX
Portland,OR
Denver,CO
Denver,CO
Denver,CO
Denver,CO
Tampa,FL
Tampa,FL
Tampa,FL
Tampa,FL
Plainfield,IN
Traverse City,MI
Grand Rapids,MI
Grand Rapids,MI
Grand Rapids,MI
Grand Rapids,MI
Grand Rapids,MI
Grand Rapids,MI
Grand Rapids,MI
Grand Rapids,MI
Grand Rapids,MI
Grand Rapids,MI
Grand Rapids,MI
Grand Rapids,MI
Grand Rapids,MI
Grand Rapids,MI
Grand Rapids,MI
Grand Rapids,MI
Grand Rapids,MI
Grand Rapids,MI
Grand Rapids,MI
Grand Rapids,MI
Grand Rapids,MI
Grand Rapids,MI
Grand Rapids,MI
Grand Rapids,MI
Grand Rapids,MI
Grand Rapids,MI
Grand Rapids,MI
Grand Rapids,MI
Grand Rapids,MI
Grand Rapids,MI
Grand Rapids,MI
Grand Rapids,MI
Grand Rapids,MI
Grand Rapids,MI
Grand Rapids,MI
Grand Rapids,MI
Grand Rapids,MI
Grand Rapids,MI
Grand Rapids,MI
Grand Rapids,MI
Grand Rapids,MI
Grand Rapids,MI
Grand Rapids,MI
Grand Rapids,MI
Grand Rapids,MI
Grand Rapids,MI
Grand Rapids,MI
Grand Rapids,MI
Grand Rapids,MI
Grand Rapids,MI
Grand Rapids,MI
Grand Rapids,MI
Grand Rapids,MI
Grand Rapids,MI
Grand Rapids,MI
Grand Rapids,MI
Grand Rapids,MI
Grand Rapids,MI
Grand Rapids,MI
Grand Rapids,MI
Grand Rapids,MI
Grand Rapids,MI
Tampa Bay,FL
Tampa Bay,FL
East Windsor,CT
Anchorage,AK
Anchorage,AK
Anchorage,AK
Anchorage,AK
Brooklyn,NY
Brooklyn,NY
Brooklyn,NY
Brooklyn,NY
Brooklyn,NY
Brooklyn,NY
Reno,NV
Reno,NV
Reno,NV
Reno,NV
Reno,NV
Reno,NV
Reno,NV
Cleveland,OH
Lyons,IL
Houston,TX
Houston,TX
Houston,TX
Michigan City,IN
Michigan City,IN
Michigan City,IN
Michigan City,IN
Michigan City,IN
Michigan City,IN
Michigan City,IN
Michigan City,IN
Michigan City,IN
Michigan City,IN
Michigan City,IN
Portland,OR
Carlsbad,CA
Garrattsville,NY
Garrattsville,NY
Garrattsville,NY
Garrattsville,NY
Charleston,SC
Charleston,SC
Charleston,SC
Charleston,SC
Charleston,SC
Charleston,SC
Oklahoma City,OK
Oklahoma City,OK
Oklahoma City,OK
Oklahoma City,OK
Oklahoma City,OK
Oklahoma City,OK
Ashland,OR
Ashland,OR
Ashland,OR
Ashland,OR
Ashland,OR
Ashland,OR
Ashland,OR
Ashland,OR
Ashland,OR
Ashland,OR
Ashland,OR
Ashland,OR
Ashland,OR
Ashland,OR
Cambridge,MA
Cambridge,MA
Charlotte,NC
Charlotte,NC
Charlotte,NC
Charlotte,NC
Gloucester,MA
Gloucester,MA
Gloucester,MA
Gloucester,MA
Gloucester,MA
Hyannis,MA
Hyannis,MA
Middleton,WI
Middleton,WI
Middleton,WI
Middleton,WI
Middleton,WI
Middleton,WI
Middleton,WI
Middleton,WI
Middleton,WI
Middleton,WI
Middleton,WI
Mooresville,NC
Mooresville,NC
Mooresville,NC
Pittsboro,NC
Pittsboro,NC
Pittsboro,NC
Atlantic Highlands,NJ
Atlantic Highlands,NJ
Atlantic Highlands,NJ
Atlantic Highlands,NJ
Portland,OR
Portland,OR
Morganton,NC
Morganton,NC
Morganton,NC
Morganton,NC
Morganton,NC
Morganton,NC
Morganton,NC
Port Clinton,OH
Port Clinton,OH
Morganton,NC
Morganton,NC
Seven Points,TX
Seven Points,TX
Seven Points,TX
Seven Points,TX
Seven Points,TX
Seven Points,TX
Edwards,CO
Edwards,CO
Ashland,VA
Ashland,VA
Ashland,VA
Ashland,VA
San Luis Obispo,CA
San Luis Obispo,CA
San Luis Obispo,CA
San Luis Obispo,CA
Charlottesville,VA
Charlottesville,VA
Charlottesville,VA
Charlottesville,VA
Angola,IN
Angola,IN
Angola,IN
Angola,IN
Chatham,NY
Chatham,NY
Cheboygan,MI
Cheboygan,MI
Cheboygan,MI
Cincinnati,OH
Seattle,WA
Stevens Point,WI
Stevens Point,WI
Tampa,FL
Tampa,FL
Tampa,FL
Tampa,FL
Tampa,FL
Tampa,FL
Tampa,FL
Tampa,FL
Tampa,FL
Tampa,FL
Tampa,FL
Tampa,FL
Tampa,FL
Tampa,FL
Tampa,FL
Tampa,FL
Tampa,FL
Tampa,FL
Tampa,FL
Tampa,FL
Tampa,FL
Tampa,FL
Tampa,FL
Tampa,FL
Tampa,FL
Nantucket,MA
Nantucket,MA
Nantucket,MA
Nantucket,MA
Nantucket,MA
Nantucket,MA
Nantucket,MA
Claremont,CA
Portland,OR
Portland,OR
Savannah,GA
Savannah,GA
Newport,RI
Newport,RI
Newport,RI
Newport,RI
Lake Havasu City,AZ
Des Moines,IA
Des Moines,IA
Des Moines,IA
Springdale,AR
Springdale,AR
Springdale,AR
Springdale,AR
Pawcatuck,CT
Covington,LA
Greeley,CO
Greeley,CO
Greeley,CO
Edwards,CO
Edwards,CO
Edwards,CO
Edwards,CO
Edwards,CO
Edwards,CO
Edwards,CO
Edwards,CO
Athens,GA
Athens,GA
Garden City,ID
Garden City,ID
Garden City,ID
Spearfish,SD
Spearfish,SD
Spearfish,SD
Spearfish,SD
Spearfish,SD
Spearfish,SD
Spearfish,SD
Boulder,CO
Boulder,CO
Avon,IN
Avon,IN
Avon,IN
Avon,IN
Portland,ME
Portland,ME
Washington,DC
Washington,DC
Washington,DC
Washington,DC
Washington,DC
Washington,DC
Washington,DC
Washington,DC
Aurora,CO
Aurora,CO
Shelbyville,IN
Wilson,WI
Diamond Springs,CA
Diamond Springs,CA
Tulsa,OK
Dallas,TX
Dallas,TX
Dallas,TX
Dallas,TX
Dallas,TX
Dallas,TX
Dallas,TX
Dallas,TX
Dallas,TX
Hays,KS
Hays,KS
Talkeetna,AK
Talkeetna,AK
Talkeetna,AK
Talkeetna,AK
Denver,CO
Denver,CO
Bend,OR
Bloomington,IL
Bloomington,IL
Bloomington,IL
Bloomington,IL
Bloomington,IL
Bloomington,IL
Bloomington,IL
Lexington,VA
Lexington,VA
Belmont,CA
Belmont,CA
Belmont,CA
Belmont,CA
Centralia,WA
Woodinville,WA
Philadelphia,PA
Dolores,CO
Dolores,CO
Dolores,CO
Dolores,CO
Dolores,CO
Dolores,CO
Leominster,MA
Leominster,MA
Aurora,CO
Aurora,CO
Aurora,CO
Aurora,CO
Boynton Beach,FL
Rochester,NY
Buena Vista,CO
Buena Vista,CO
Buena Vista,CO
Buena Vista,CO
Buena Vista,CO
Buena Vista,CO
Buena Vista,CO
Columbus,OH
Seattle,WA
Jacksonville Beach,FL
Tacoma,WA
Denver,CO
Denver,CO
Denver,CO
Denver,CO
White Salmon,WA
White Salmon,WA
Mishawaka,IN
Mishawaka,IN
Mishawaka,IN
Mishawaka,IN
Mishawaka,IN
Mishawaka,IN
Brooklyn,NY
Brooklyn,NY
Brooklyn,NY
Brooklyn,NY
Brooklyn,NY
Fargo,ND
Fargo,ND
Fargo,ND
Middleburg Heights,OH
Middleburg Heights,OH
Boulder,CO
Boulder,CO
Boulder,CO
Boulder,CO
Boulder,CO
Estacada,OR
Estacada,OR
Estacada,OR
Estacada,OR
Estacada,OR
Estacada,OR
Shelburne,VT
Shelburne,VT
Shelburne,VT
Shelburne,VT
Buellton,CA
Buellton,CA
Buellton,CA
Chicago,IL
Chicago,IL
Chicago,IL
Chicago,IL
Chicago,IL
Chicago,IL
Chicago,IL
Chicago,IL
Chicago,IL
Chicago,IL
Paso Robles,CA
Paso Robles,CA
Paso Robles,CA
Paso Robles,CA
Paso Robles,CA
Indianapolis,IN
Indianapolis,IN
Indianapolis,IN
Smithton,PA
Lombard,IL
Frederick,MD
Frederick,MD
Troutville,VA
Troutville,VA
Pawtucket,RI
Pawtucket,RI
Pawtucket,RI
Pawtucket,RI
Cherry Hill,NJ
Cherry Hill,NJ
Astoria,OR
Astoria,OR
Astoria,OR
Astoria,OR
Astoria,OR
Astoria,OR
Astoria,OR
Astoria,OR
Astoria,OR
Astoria,OR
Astoria,OR
Astoria,OR
Latrobe,PA
San Francisco,CA
San Francisco,CA
San Francisco,CA
San Francisco,CA
Grand Rapids,MI
Grand Rapids,MI
Grand Rapids,MI
Dallas,TX
Dallas,TX
Dallas,TX
Valparaiso,IN
Valparaiso,IN
Valparaiso,IN
Valparaiso,IN
South Bend,IN
Tempe,AZ
Tempe,AZ
Tempe,AZ
Tempe,AZ
Tempe,AZ
Tempe,AZ
Tempe,AZ
Columbus,OH
Columbus,OH
Columbus,OH
Columbus,OH
Frankenmuth,MI
Frankenmuth,MI
Frankenmuth,MI
San Antonio,TX
San Antonio,TX
San Antonio,TX
San Antonio,TX
San Antonio,TX
San Antonio,TX
San Antonio,TX
San Antonio,TX
Seattle,WA
Seattle,WA
Seattle,WA
Seattle,WA
Seattle,WA
Seattle,WA
Seattle,WA
Asheville,NC
Asheville,NC
Asheville,NC
Waynesville,NC
Durham,NC
Lake Geneva,WI
Lake Geneva,WI
Lake Geneva,WI
Pineland,ME
Los Angeles,CA
Los Angeles,CA
Los Angeles,CA
Los Angeles,CA
Los Angeles,CA
Los Angeles,CA
Los Angeles,CA
Los Angeles,CA
Los Angeles,CA
Los Angeles,CA
Los Angeles,CA
Los Angeles,CA
Los Angeles,CA
Los Angeles,CA
Los Angeles,CA
Kalamazoo,MI
Bend,OR
Bend,OR
Birmingham,AL
Birmingham,AL
Birmingham,AL
Birmingham,AL
Birmingham,AL
Bend,OR
Chicago,IL
Chicago,IL
Chicago,IL
Chicago,IL
Chicago,IL
Chicago,IL
Edwards,CO
Williams,AZ
Williams,AZ
Williams,AZ
Williams,AZ
Farmers Branch,TX
Farmers Branch,TX
Farmers Branch,TX
Aurora,IN
Aurora,IN
Aurora,IN
Aurora,IN
Aurora,IN
Aurora,IN
Aurora,IN
Aurora,IN
Aurora,IN
Aurora,IN
Aurora,IN
Aurora,IN
Aurora,IN
Aurora,IN
Aurora,IN
Aurora,IN
Aurora,IN
Aurora,IN
Aurora,IN
Aurora,IN
Denver,CO
Denver,CO
Denver,CO
Denver,CO
Denver,CO
Denver,CO
Denver,CO
Denver,CO
Denver,CO
Whitefish,MT
Whitefish,MT
Shreveport,LA
Shreveport,LA
Davenport,IA
Davenport,IA
Davenport,IA
Davenport,IA
Davenport,IA
Davenport,IA
Davenport,IA
Davenport,IA
Davenport,IA
Davenport,IA
Davenport,IA
Davenport,IA
Davenport,IA
Davenport,IA
Davenport,IA
Davenport,IA
Davenport,IA
Davenport,IA
Jacksonville,FL
Lewisburg,WV
Lewisburg,WV
Westerly,RI
Westerly,RI
Westerly,RI
Westerly,RI
Westerly,RI
Westerly,RI
Westerly,RI
Westerly,RI
Westerly,RI
Birmingham,MI
Birmingham,MI
Birmingham,MI
Birmingham,MI
Birmingham,MI
Birmingham,MI
Birmingham,MI
Birmingham,MI
Birmingham,MI
Loveland,CO
Seattle,WA
Seattle,WA
Chicago,IL
Chicago,IL
Chicago,IL
Chicago,IL
Chicago,IL
Chicago,IL
Chicago,IL
Chicago,IL
Stamford,CT
Stamford,CT
Redlands,CA
Redlands,CA
Richmond,VA
Richmond,VA
Richmond,VA
Boston,MA
Boston,MA
Boston,MA
Boston,MA
Boston,MA
Boston,MA
Boston,MA
Boston,MA
Boston,MA
Boston,MA
Boston,MA
Boston,MA
Belt,MT
Belt,MT
Hilo,HI
Hilo,HI
Hilo,HI
Hilo,HI
Hilo,HI
Mill Valley,CA
Mill Valley,CA
Mill Valley,CA
Halethorpe,MD
Halethorpe,MD
Halethorpe,MD
San Diego,CA
San Diego,CA
San Diego,CA
Windsor,CO
Windsor,CO
Leavenworth,KS
Leavenworth,KS
Leavenworth,KS
Seattle,WA
Seattle,WA
Seattle,WA
Seattle,WA
Seattle,WA
Green Bay,WI
Pittsburgh,PA
Pittsburgh,PA
Pittsburgh,PA
Springfield,OR
Springfield,OR
Springfield,OR
Springfield,OR
Springfield,OR
Springfield,OR
Springfield,OR
Springfield,OR
Austin,TX
Austin,TX
Austin,TX
Austin,TX
Austin,TX
Portland,OR
Portland,OR
Portland,OR
Portland,OR
Portland,OR
Portland,OR
Portland,OR
Portland,OR
Portland,OR
Portland,OR
Portland,OR
Portland,OR
Portland,OR
Portland,OR
Portland,OR
Portland,OR
Portland,OR
Portland,OR
Portland,OR
Portland,OR
Portland,OR
Portland,OR
Portland,OR
Milwaukee,WI
Milwaukee,WI
Milwaukee,WI
Lenoir,NC
Lenoir,NC
Minneapolis,MN
Minneapolis,MN
Minneapolis,MN
Minneapolis,MN
Minneapolis,MN
Minneapolis,MN
Austin,TX
Austin,TX
Austin,TX
Indianapolis,IN
Austin,TX
Austin,TX
Jacksonville,FL
Jacksonville,FL
Jacksonville,FL
Ipswich,MA
Wilmington,DE
Framingham,MA
Framingham,MA
Framingham,MA
Framingham,MA
Framingham,MA
Biglerville,PA
Biglerville,PA
Nashville,TN
Athens,OH
Athens,OH
Athens,OH
Athens,OH
Athens,OH
Laurel,MD
Stevens Point,WI
Stevens Point,WI
Stevens Point,WI
Stevens Point,WI
Stevens Point,WI
Stevens Point,WI
Henderson,NV
Henderson,NV
Henderson,NV
Henderson,NV
Kalona,IA
Kalona,IA
Houston,TX
Houston,TX
Houston,TX
Houston,TX
Houston,TX
Houston,TX
Houston,TX
Houston,TX
Houston,TX
Houston,TX
Brooklyn,NY
Brooklyn,NY
Brooklyn,NY
Soldotna,AK
Soldotna,AK
Soldotna,AK
Soldotna,AK
Missoula,MT
Missoula,MT
Missoula,MT
Missoula,MT
Missoula,MT
Missoula,MT
Houghton,MI
Houghton,MI
Houghton,MI
Houghton,MI
Houghton,MI
Houghton,MI
Houghton,MI
Anchorage,AK
Anchorage,AK
Anchorage,AK
Anchorage,AK
Anchorage,AK
Kirkwood,MO
Kirkwood,MO
Kona,HI
Kona,HI
Kona,HI
Kona,HI
Krebs,OK
Bellingham,WA
Albuquerque,NM
Albuquerque,NM
Lancaster,PA
Lancaster,PA
Portage,MI
Portage,MI
Portage,MI
Portage,MI
Ponderay,ID
Ponderay,ID
Ponderay,ID
Erie,PA
Erie,PA
Eau Claire,WI
Helena,MT
Helena,MT
Helena,MT
Helena,MT
Helena,MT
Stillwater,MN
Stillwater,MN
York,PA
York,PA
York,PA
York,PA
Lone Tree,CO
Raleigh,NC
Raleigh,NC
Raleigh,NC
Raleigh,NC
Raleigh,NC
Bridgewater Corners,VT
Bridgewater Corners,VT
Bridgewater Corners,VT
Bridgewater Corners,VT
Bridgewater Corners,VT
East Fairfield,VT
East Fairfield,VT
East Fairfield,VT
East Fairfield,VT
Ashburn,VA
Ashburn,VA
Menominee,WI
Menominie,WI
Menominie,WI
Menominie,WI
Jackson,MS
Jackson,MS
Flagstaff,AZ
Flagstaff,AZ
Flagstaff,AZ
Flagstaff,AZ
Portland,OR
Portland,OR
Macon,GA
Macon,GA
Cincinnati,OH
Cincinnati,OH
Cincinnati,OH
Cincinnati,OH
Cincinnati,OH
Cincinnati,OH
Cincinnati,OH
Cincinnati,OH
Cincinnati,OH
South Burlington,VT
South Burlington,VT
South Burlington,VT
Mammoth Lakes,CA
Mammoth Lakes,CA
Mammoth Lakes,CA
Mammoth Lakes,CA
Philadelphia,PA
Philadelphia,PA
Philadelphia,PA
Philadelphia,PA
Philadelphia,PA
Philadelphia,PA
Philadelphia,PA
Philadelphia,PA
Philadelphia,PA
Santee,CA
Santee,CA
Santee,CA
Santee,CA
Santee,CA
Albuquerque,NM
Albuquerque,NM
Belfast,ME
Belfast,ME
Belfast,ME
Belfast,ME
Belfast,ME
Fort Worth,TX
Fort Worth,TX
Fort Worth,TX
Fort Worth,TX
Fort Worth,TX
Fort Worth,TX
Fort Worth,TX
Fort Worth,TX
Utica,NY
Utica,NY
Utica,NY
Utica,NY
Utica,NY
Utica,NY
Utica,NY
Utica,NY
Utica,NY
Utica,NY
Utica,NY
Utica,NY
Utica,NY
Lahaina,HI
Lahaina,HI
Lahaina,HI
Lahaina,HI
Lahaina,HI
Lahaina,HI
Lahaina,HI
Lahaina,HI
Lahaina,HI
Lahaina,HI
Lahaina,HI
Lahaina,HI
Half Moon Bay,CA
Half Moon Bay,CA
Half Moon Bay,CA
Somerset Center,MI
Somerset Center,MI
Somerset Center,MI
Hilo,HI
Hilo,HI
Hilo,HI
Hilo,HI
Hilo,HI
Hilo,HI
Miami,FL
Miami,FL
Miami,FL
Miami,FL
Libertyville,IL
Anchorage,AK
Anchorage,AK
Anchorage,AK
Anchorage,AK
Anchorage,AK
San Diego,CA
San Diego,CA
San Diego,CA
San Diego,CA
San Diego,CA
San Diego,CA
Chicago,IL
Chicago,IL
Chicago,IL
Chicago,IL
Chicago,IL
Chicago,IL
Chicago,IL
Chicago,IL
Pottstown,PA
Pottstown,PA
Royal Oak,MI
Royal Oak,MI
Royal Oak,MI
Milwaukee,WI
Milwaukee,WI
Milwaukee,WI
Milwaukee,WI
Milwaukee,WI
Milwaukee,WI
Milwaukee,WI
Monroe,WI
Monroe,WI
Monroe,WI
Monroe,WI
Monroe,WI
Monroe,WI
Monroe,WI
Monroe,WI
Monroe,WI
Monroe,WI
Monroe,WI
Monroe,WI
Monroe,WI
San Diego,CA
San Diego,CA
San Diego,CA
San Diego,CA
Moab,UT
Moab,UT
Moab,UT
Moab,UT
North Conway,NH
North Conway,NH
Lincoln,NE
San Diego,CA
San Diego,CA
San Diego,CA
San Diego,CA
San Diego,CA
San Diego,CA
San Diego,CA
San Diego,CA
Flagstaff,AZ
San Diego,CA
San Diego,CA
San Diego,CA
Montauk,NY
Montauk,NY
Saint Louis,MO
Saint Louis,MO
Saint Louis,MO
Saint Louis,MO
Saint Louis,MO
Vista,CA
Kinston,NC
Kinston,NC
Springfield,MO
Springfield,MO
Mount Pleasant,MI
Lake Havasu City,AZ
Lake Havasu City,AZ
Lake Havasu City,AZ
Lake Havasu City,AZ
Lake Havasu City,AZ
Mustang,OK
Mustang,OK
Mustang,OK
Mustang,OK
Mustang,OK
Providence,RI
Providence,RI
Providence,RI
Providence,RI
Providence,RI
Providence,RI
Providence,RI
Providence,RI
Providence,RI
Providence,RI
Portland,OR
Portland,OR
Portland,OR
Portland,OR
Portland,OR
Portland,OR
Papillion,NE
Papillion,NE
Papillion,NE
Papillion,NE
Papillion,NE
Croydon,PA
Croydon,PA
Fort Collins,CO
Fort Collins,CO
Fort Collins,CO
Fort Collins,CO
Fort Collins,CO
Fort Collins,CO
Fort Collins,CO
Fort Collins,CO
Fort Collins,CO
Fort Collins,CO
Fort Collins,CO
Fort Collins,CO
Fort Collins,CO
Fort Collins,CO
Fort Collins,CO
Fort Collins,CO
Fort Collins,CO
Woodbridge,CT
Woodbridge,CT
Woodbridge,CT
Woodbridge,CT
Woodbridge,CT
Woodbridge,CT
Woodbridge,CT
Woodbridge,CT
Woodbridge,CT
Woodbridge,CT
Woodbridge,CT
New Orleans,LA
New Orleans,LA
New Orleans,LA
New Orleans,LA
New Orleans,LA
New Orleans,LA
College Station,TX
College Station,TX
College Station,TX
Myrtle Beach,SC
Myrtle Beach,SC
Newburgh,NY
Newburyport,MA
Newburyport,MA
Newburyport,MA
Everett,MA
Charlotte,NC
Charlotte,NC
Slippery Rock,PA
Slippery Rock,PA
Slippery Rock,PA
Slippery Rock,PA
Minneapolis,MN
Minneapolis,MN
Minneapolis,MN
Minneapolis,MN
Minneapolis,MN
Minneapolis,MN
Northamtpon,MA
Pacific,WA
Pacific,WA
Eau Claire,WI
Eau Claire,WI
Ipswich,MA
Ipswich,MA
O'Fallon,MO
O'Fallon,MO
O'Fallon,MO
Eugene,OR
Eugene,OR
Eugene,OR
Eugene,OR
Austin,TX
Austin,TX
Austin,TX
Austin,TX
Portland,OR
Portland,OR
Portland,OR
Portland,OR
Arvada,CO
Arvada,CO
Arvada,CO
Arvada,CO
Arvada,CO
Arvada,CO
Arvada,CO
Spirit Lake,IA
Spirit Lake,IA
Spirit Lake,IA
Spirit Lake,IA
Spirit Lake,IA
Spirit Lake,IA
Danville,PA
Danville,PA
Danville,PA
Danville,PA
Danville,PA
Danville,PA
Danville,PA
Danville,PA
Danville,PA
Danville,PA
Airway Heights,WA
Airway Heights,WA
Airway Heights,WA
Airway Heights,WA
Airway Heights,WA
Atlanta,GA
Atlanta,GA
Longmont,CO
Longmont,CO
Longmont,CO
Longmont,CO
Longmont,CO
Longmont,CO
Longmont,CO
Longmont,CO
Longmont,CO
Longmont,CO
Longmont,CO
Longmont,CO
Longmont,CO
Longmont,CO
Longmont,CO
Longmont,CO
Longmont,CO
Longmont,CO
Longmont,CO
Longmont,CO
Longmont,CO
Longmont,CO
Longmont,CO
Longmont,CO
Longmont,CO
Longmont,CO
Longmont,CO
Longmont,CO
Longmont,CO
Longmont,CO
Longmont,CO
Longmont,CO
Longmont,CO
Lyons,CO
Lyons,CO
Lyons,CO
Lyons,CO
Lyons,CO
Lyons,CO
Lyons,CO
Lyons,CO
Lyons,CO
Lyons,CO
Lyons,CO
Lyons,CO
Lyons,CO
Brevard,NC
Brevard,NC
Brevard,NC
Brevard,NC
Brevard,NC
Brevard,NC
Middlebury,VT
Waterbury,VT
Rogers,AR
Palisade,CO
Palisade,CO
Fort Collins,CO
Fort Collins,CO
Fort Collins,CO
Fort Collins,CO
Fort Collins,CO
Garden City,ID
Garden City,ID
Garden City,ID
Garden City,ID
Garden City,ID
Knoxville,IA
Portland,ME
Portland,ME
Fredericksburg,TX
Fredericksburg,TX
Lafayette,IN
Lafayette,IN
Lafayette,IN
Lafayette,IN
Comstock Park,MI
Comstock Park,MI
Comstock Park,MI
Comstock Park,MI
Comstock Park,MI
Comstock Park,MI
San Antonio,TX
San Antonio,TX
San Antonio,TX
San Antonio,TX
San Antonio,TX
San Antonio,TX
San Antonio,TX
Petoskey,MI
Petoskey,MI
Petoskey,MI
Petoskey,MI
Phoenix,AZ
Monument,CO
Monument,CO
Monument,CO
San Francisco,CA
San Francisco,CA
Bucryus,MO
Bucryus,MO
Bucryus,MO
Bucryus,MO
Bucryus,MO
Bucryus,MO
Bucryus,MO
Bucryus,MO
Chicago,IL
Black Mountain,NC
Black Mountain,NC
Carlsbad,CA
Carlsbad,CA
Carlsbad,CA
Cleveland,OH
Lemont,IL
Cleveland,OH
Prescott,AZ
Prescott,AZ
Dillon,CO
Dillon,CO
Dillon,CO
Dillon,CO
Dillon,CO
Dillon,CO
Dillon,CO
Seattle,WA
Seattle,WA
Greenville,SC
Greenville,SC
Fort Worth,TX
Fort Worth,TX
Blanco,TX
Blanco,TX
Blanco,TX
Blanco,TX
Blanco,TX
Blanco,TX
Blanco,TX
Blanco,TX
Marietta,GA
Marietta,GA
Marietta,GA
Mt. Airy,MD
Mt. Airy,MD
Mt. Airy,MD
Mt. Airy,MD
Mt. Airy,MD
Bend,OR
Woodinville,WA
Woodinville,WA
Woodinville,WA
Boulder,CO
Boulder,CO
Boulder,CO
Temecula,CA
Denver,CO
Denver,CO
Denver,CO
Denver,CO
Denver,CO
Denver,CO
Paonia,CO
Paonia,CO
Paonia,CO
Paonia,CO
Paonia,CO
Paonia,CO
Paonia,CO
Paonia,CO
Chicago,IL
Chicago,IL
Chicago,IL
Chicago,IL
Chicago,IL
Chicago,IL
Chicago,IL
Chicago,IL
Cincinnati,OH
Cincinnati,OH
Cincinnati,OH
Cincinnati,OH
Cincinnati,OH
Cincinnati,OH
Cincinnati,OH
Cincinnati,OH
Traverse City,MI
Portland,ME
Portland,ME
Denver,CO
Denver,CO
Lockland,OH
Lockland,OH
Export,PA
Export,PA
Export,PA
Export,PA
Export,PA
Export,PA
Export,PA
Export,PA
Export,PA
Export,PA
Export,PA
Export,PA
Export,PA
Export,PA
Export,PA
Roanoke,VA
Rochester,MI
Rochester,MI
Rochester,MI
Rochester,MI
Rochester,MI
Rochester,MI
Rochester,MI
Newport,OR
Midwest City,OK
Midwest City,OK
Midwest City,OK
Lansdale,PA
Lansdale,PA
Lansdale,PA
Lansdale,PA
Lansdale,PA
Lansdale,PA
Lansdale,PA
Sacramento,CA
Sacramento,CA
Sacramento,CA
Sacramento,CA
Sacramento,CA
San Diego,CA
San Diego,CA
San Diego,CA
San Diego,CA
Chandler,AZ
Chandler,AZ
Chandler,AZ
Chandler,AZ
Chandler,AZ
Chandler,AZ
Chandler,AZ
Chandler,AZ
Chandler,AZ
Chandler,AZ
Chandler,AZ
Chandler,AZ
Chandler,AZ
Chandler,AZ
Chandler,AZ
Chandler,AZ
Chandler,AZ
Chandler,AZ
Chandler,AZ
Boulder,CO
Boulder,CO
Santa Cruz,CA
Santa Cruz,CA
Santa Cruz,CA
Santa Fe,NM
Santa Fe,NM
Santa Fe,NM
Santa Fe,NM
Santa Fe,NM
Santa Fe,NM
Santa Fe,NM
Douglas,MI
Seattle,WA
Seattle,WA
Seattle,WA
Saint Louis,MO
Saint Louis,MO
Saint Louis,MO
Saint Louis,MO
Saint Louis,MO
Saint Louis,MO
Portland,ME
Santa Cruz,CA
Seattle,WA
Seattle,WA
Silverton,OR
Silverton,OR
Columbus,OH
Columbus,OH
Columbus,OH
Columbus,OH
Columbus,OH
Wolcott,CT
Marlborough,MA
Portland,ME
Portland,ME
Portland,ME
Portland,ME
Chico,CA
Chico,CA
Chico,CA
Chico,CA
Chico,CA
Chico,CA
Chico,CA
Chico,CA
Chico,CA
Ada,MI
Silverton,CO
Silverton,CO
Silverton,CO
Brooklyn,NY
Brooklyn,NY
Brooklyn,NY
Brooklyn,NY
Brooklyn,NY
Brooklyn,NY
Brooklyn,NY
Brooklyn,NY
Brooklyn,NY
Brooklyn,NY
Brooklyn,NY
Brooklyn,NY
Brooklyn,NY
Brooklyn,NY
Brooklyn,NY
Brooklyn,NY
Brooklyn,NY
Brooklyn,NY
Brooklyn,NY
Brooklyn,NY
Brooklyn,NY
Brooklyn,NY
Brooklyn,NY
Brooklyn,NY
Durango,CO
Durango,CO
Durango,CO
Durango,CO
Durango,CO
Durango,CO
Durango,CO
Durango,CO
Durango,CO
Durango,CO
Durango,CO
Durango,CO
Meridian,ID
Meridian,ID
Chicago,IL
Chicago,IL
Anchorage,AK
Phoenixville,PA
Pottstown,PA
Pottstown,PA
Pottstown,PA
Pottstown,PA
Pottstown,PA
Pottstown,PA
Pottstown,PA
Pottstown,PA
Pottstown,PA
Pottstown,PA
Pottstown,PA
Pottstown,PA
Norfolk,VA
Norfolk,VA
Norfolk,VA
Jackson,WY
Jackson,WY
Jackson,WY
Jackson,WY
Jackson,WY
Jackson,WY
Jackson,WY
Boise,ID
Boise,ID
Boise,ID
Boise,ID
Boise,ID
Boise,ID
Boise,ID
Boise,ID
Boise,ID
Boise,ID
Boise,ID
Boise,ID
Boise,ID
Boise,ID
Boise,ID
Boise,ID
Boise,ID
South Austin,TX
South Austin,TX
South Austin,TX
South Austin,TX
Southampton,NY
Medford,OR
Medford,OR
Hattiesburg,MS
Hattiesburg,MS
Hattiesburg,MS
Hattiesburg,MS
Hattiesburg,MS
Hattiesburg,MS
Hattiesburg,MS
Hattiesburg,MS
Hattiesburg,MS
Conroe,TX
Conroe,TX
Conroe,TX
Conroe,TX
Conroe,TX
Conroe,TX
Conroe,TX
Conroe,TX
Conroe,TX
Conroe,TX
Conroe,TX
Conroe,TX
Conroe,TX
Conroe,TX
San Francisco,CA
Cortland,NE
Chicago,IL
Chicago,IL
Chicago,IL
Chicago,IL
Chicago,IL
Chicago,IL
Chicago,IL
Chicago,IL
Chicago,IL
Chicago,IL
Chicago,IL
Chicago,IL
Glendale,WI
Glendale,WI
Conestoga,PA
Paw Paw,MI
Crozet,VA
Crozet,VA
Crozet,VA
Crozet,VA
Durango,CO
Durango,CO
Durango,CO
Durango,CO
Stevens Point,WI
Stevens Point,WI
Stevens Point,WI
Stevens Point,WI
Stevens Point,WI
Stevens Point,WI
Stevens Point,WI
Stevens Point,WI
Stevens Point,WI
Stevens Point,WI
Stevens Point,WI
Stevens Point,WI
Stevens Point,WI
Stevens Point,WI
Stevens Point,WI
Stevens Point,WI
Stevens Point,WI
Stevens Point,WI
Stevens Point,WI
Stevens Point,WI
Stevens Point,WI
Stevens Point,WI
Green Bay,WI
Baltimore,MD
Baltimore,MD
Baltimore,MD
Portland,ME
Huntsville,AL
Huntsville,AL
Huntsville,AL
St Mary's,PA
St Mary's,PA
St Mary's,PA
St Mary's,PA
St Paul,MN
St. Paul,MN
St. Paul,MN
St. Paul,MN
Indianapolis,IN
Indianapolis,IN
Indianapolis,IN
Indianapolis,IN
Indianapolis,IN
Indianapolis,IN
Indianapolis,IN
Indianapolis,IN
Indianapolis,IN
Indianapolis,IN
Indianapolis,IN
Indianapolis,IN
Indianapolis,IN
Indianapolis,IN
Indianapolis,IN
Indianapolis,IN
Indianapolis,IN
Indianapolis,IN
Indianapolis,IN
Indianapolis,IN
Indianapolis,IN
Indianapolis,IN
Indianapolis,IN
Indianapolis,IN
Indianapolis,IN
Indianapolis,IN
Indianapolis,IN
Indianapolis,IN
Indianapolis,IN
Indianapolis,IN
Indianapolis,IN
Indianapolis,IN
Indianapolis,IN
Indianapolis,IN
Indianapolis,IN
Indianapolis,IN
Indianapolis,IN
Indianapolis,IN
Hardy,VA
Hardy,VA
Brooklyn Center,MN
Brooklyn Center,MN
Brooklyn Center,MN
Brooklyn Center,MN
Brooklyn Center,MN
Brooklyn Center,MN
Brooklyn Center,MN
Brooklyn Center,MN
Brooklyn Center,MN
Brooklyn Center,MN
Brooklyn Center,MN
Brooklyn Center,MN
Brooklyn Center,MN
Gainesville,FL
Gainesville,FL
Gainesville,FL
Gainesville,FL
Gainesville,FL
Manheim,PA
Atlanta,GA
Atlanta,GA
Atlanta,GA
Atlanta,GA
San Diego,CA
San Diego,CA
San Diego,CA
San Diego,CA
San Diego,CA
San Diego,CA
San Diego,CA
San Diego,CA
Manhattan,KS
Manhattan,KS
Manhattan,KS
Manhattan,KS
Manhattan,KS
Manhattan,KS
Manhattan,KS
Manhattan,KS
Manhattan,KS
Manhattan,KS
Manhattan,KS
Manhattan,KS
Manhattan,KS
Manhattan,KS
Manhattan,KS
Manhattan,KS
Manhattan,KS
Manhattan,KS
Lakeside,MT
Lakeside,MT
Tampa,FL
Tampa,FL
Bridgman,MI
Bridgman,MI
Bridgman,MI
Bargersville,IN
Telluride,CO
Telluride,CO
Telluride,CO
Evanston,IL
Evanston,IL
Evanston,IL
Athens,GA
Richmond,TX
Richmond,TX
Richmond,TX
Richmond,TX
Waterbury,VT
Waterbury,VT
Waterbury,VT
Waterbury,VT
Waterbury,VT
Waterbury,VT
Sheridan,WY
Sheridan,WY
Sheridan,WY
Sheridan,WY
Baltimore,MD
Baltimore,MD
Baltimore,MD
Bronx,NY
Bronx,NY
Bronx,NY
Torrance,CA
Torrance,CA
Torrance,CA
Torrance,CA
Torrance,CA
Burlington,VT
Wilkes-Barre,PA
New York,NY
Grand Rapids,MI
Traverse City,MI
Traverse City,MI
Traverse City,MI
Burlington,VT
Cold Spring,MN
Cold Spring,MN
Cold Spring,MN
Cold Spring,MN
Bloomfield,CT
Sisters,OR
Sisters,OR
Sisters,OR
Charlottesville,VA
Charlottesville,VA
Martinsville,IN
Martinsville,IN
Martinsville,IN
Martinsville,IN
Kearney,NE
Kearney,NE
Kearney,NE
Kearney,NE
Evansville,IN
Evansville,IN
Evansville,IN
Evansville,IN
Evansville,IN
Evansville,IN
Evansville,IN
Evansville,IN
Evansville,IN
Baton Rouge,LA
Baton Rouge,LA
Baton Rouge,LA
Baton Rouge,LA
Baton Rouge,LA
Baton Rouge,LA
Baton Rouge,LA
Idaho Springs,CO
Idaho Springs,CO
Minnetonka,MN
Minnetonka,MN
Albuquerque,NM
Albuquerque,NM
Albuquerque,NM
Durham,NC
Durham,NC
Durham,NC
Hershey,PA
Hershey,PA
Hershey,PA
Hershey,PA
Hershey,PA
Greenville,DE
Boulder,CO
Dripping Springs,TX
Dripping Springs,TX
Dripping Springs,TX
Seattle,WA
Seattle,WA
Seattle,WA
Seattle,WA
Seattle,WA
Seattle,WA
Seattle,WA
Seattle,WA
Seattle,WA
Seattle,WA
Seattle,WA
Seattle,WA
Warrenville,IL
Warrenville,IL
Warrenville,IL
Warrenville,IL
Warrenville,IL
Warrenville,IL
Warrenville,IL
Warrenville,IL
Warrenville,IL
Warrenville,IL
Plant City,FL
Stratford,CT
Stratford,CT
Stratford,CT
Stratford,CT
Stratford,CT
Salt Lake City,UT
Salt Lake City,UT
Salt Lake City,UT
Salt Lake City,UT
Salt Lake City,UT
Salt Lake City,UT
Salt Lake City,UT
Salt Lake City,UT
Salt Lake City,UT
Ukiah,CA
Austin,TX
Austin,TX
St. John's,MI
St. John's,MI
St. John's,MI
Santa Cruz,CA
Santa Cruz,CA
Santa Cruz,CA
Santa Cruz,CA
Santa Cruz,CA
Baltimore,MD
Baltimore,MD
Baltimore,MD
Baltimore,MD
Bloomington,IN
Bloomington,IN
Bloomington,IN
Boulder,CO
Boulder,CO
Boulder,CO
Boulder,CO
Boulder,CO
Boulder,CO
Boulder,CO
Boulder,CO
Boulder,CO
Boulder,CO
Boulder,CO
Boulder,CO
Boulder,CO
Boulder,CO
Boulder,CO
Boulder,CO
Boulder,CO
Boulder,CO
Elmira,NY
Elmira,NY
Salt Lake City,UT
Salt Lake City,UT
Salt Lake City,UT
Salt Lake City,UT
Salt Lake City,UT
Salt Lake City,UT
Salt Lake City,UT
Salt Lake City,UT
Spring Lake,MI
Spring Lake,MI
Spring Lake,MI
Spring Lake,MI
Spring Lake,MI
Yardley,PA
Meadville,PA
Meadville,PA
Meadville,PA
Meadville,PA
Meadville,PA
Meadville,PA
Westminster,MA
Westminster,MA
Westminster,MA
Westminster,MA
Westminster,MA
Westminster,MA
Westminster,MA
Westminster,MA
Westminster,MA
Westminster,MA
Westminster,MA
Fort Wayne,IN
Dayton,OH
Dayton,OH
Dayton,OH
Dayton,OH
Lexington,KY
Lexington,KY
Lexington,KY
Lexington,KY
Mt. Pleasant,SC
Mt. Pleasant,SC
Mt. Pleasant,SC
Mt. Pleasant,SC
Westfield,MA
Westfield,MA
Westfield,MA
Weston,MO
Weston,MO
Weston,MO
Weston,MO
Weston,MO
Weston,MO
Weston,MO
Hooksett,NH
Hooksett,NH
Hooksett,NH
Hooksett,NH
Hudsonville,MI
Portland,OR
Portland,OR
Portland,OR
Lake Barrington,IL
Lake Barrington,IL
Lake Barrington,IL
Lake Barrington,IL
Lake Barrington,IL
Lake Barrington,IL
Lake Barrington,IL
Lake Barrington,IL
Lake Barrington,IL
Lake Barrington,IL
Nellysford,VA
Nellysford,VA
Nellysford,VA
Nellysford,VA
Stevensville,MT
Stevensville,MT
Stevensville,MT
Pinedale,WY
Pinedale,WY
Tacoma,WA
Tacoma,WA
Verona,WI
Verona,WI
Verona,WI
Verona,WI
Memphis,TN
Memphis,TN
Memphis,TN
South Lyon,MI
South Lyon,MI
Abingdon,VA
Ann Arbor,MI
Middlebury,VT
North Woodstock,NH
North Woodstock,NH
Worcester,MA
Bend,OR
Bend,OR
Bend,OR
Bend,OR
Bend,OR
Denver,CO
Denver,CO
Denver,CO
Denver,CO
Denver,CO
Denver,CO
Denver,CO
Denver,CO
Denver,CO
